tweet_id,text,label,predicted_label,prediction_0_weight,prediction_1_weight
1265323726570225669,Mom Finds Secret to Homeschooling her AutisticÂ Son https://t.co/WvHCCPknGu,0,0,0.93536025,0.06463973
1254180961622900738,I hope our child has my calmness and NOT Andre ADHD ğŸ¥´ğŸ˜‚,0,0,0.7258812,0.27411875
800336385399885824,Blind Girl With Autism Mimics Whitney Houston In Powerful Cover Of â€œI Will Always Love Youâ€ https://t.co/fE89fGHq0n,0,0,0.93547654,0.0645235
1107948318150152192,"@amyschumer watching #growing, my 2yo son has ASD, you just made me cry (in a good way) thank you ğŸ’•",1,1,0.08548304,0.914517
1438320313511473154,@robbystarbuck @AmericanAir would rather a mother suffocate an asthmatic 2 year old.,0,0,0.9153516,0.084648386
1396600601388126208,"She understands nothing about my depression, ADHD, anxiety or BPD. She just sees me as a fucked up, lazy, piece of shit daughter that will never be able to do anything right.",0,0,0.89819735,0.101802684
1232841955484282880,@NotEdelweiss Yes fingers crossed ğŸ¤   Iâ€™d think that daily doses of medicine would help keep the lungs clear. Last year son &amp; I each got the flu and had no asthma issues (thankfully). I think the steroid inhalers we both take daily helped us from getting very sick.,0,0,0.9063694,0.09363069
1108480192253591552,"Iâ€™ve been blocked on twitter for saying that these parents shouldnâ€™t have ignored their autistic 5 year old daughter while she played by a dangerous, fast flowing, high current river. She fell on rocks &amp; immediately was swept away to her death. YES IT IS THEIR GOD DAMN FAULT.",0,0,0.9316248,0.06837522
1068626919996952576,"Of course everyone wants a healthy child without disabilities, but I would MUCH rather raise a child with autism and any other disability than to risk the chance of my child SUFFERING and DYING because of my ignorance. VACCINATE YOUR CHILDREN! https://t.co/pUUWXB7WCD",0,0,0.86160475,0.13839519
956313942074142720,"Thereâ€™s a little kid is autism in front of my seat, I have much respect for the parents! I understand it isnâ€™t easy ğŸ˜¥",0,0,0.7248916,0.27510843
941777263556743168,"Sometimes my job as a #musictherapy-ist is to just reassure a mother that their child is not just an autistic little monster like others make her feel like the child is.   Moms, your child is a gift; beautiful, precious and full of life. Autism or not. #thereisnonormal #autism",0,0,0.857234,0.142766
1211463170319114240,Yes. My son's ADHD symptoms began after he received the DTaP shot at 20 months. I firmly believe his neurological developmental disorder was triggered by the vaccine. https://t.co/thItG4rJyj,1,0,0.88694537,0.11305461
1001597084301250566,So after all these docs I take my son back to the allergist and she says omg heâ€™s having an asthma attack I said diddnt you say he diddnt have asthma like a month ago wtf,1,0,0.79306763,0.20693235
962716744774246405,"Okay let's get one thing straight. If you find my little brother's YouTube channel through me and decide to bully an innocent kid with autism doing something he loves just to get my attention, you're fucking garbage and have a miserable life. Fuck people, man.",0,0,0.9343403,0.065659694
341388303720931328,ll you about the skill they witnessed their child do for the first time. I am so blessed to do this for a living. #autism #ABA #1in88,0,0,0.8551804,0.14481968
1460129051461533696,"@DaniLeigh Iâ€™m gonna list other possible ways to be &amp; you stop me when you hear something you like: silent, offline, non-verbal, edited by a publicist, single, romantically connected to someone who doesnâ€™t literally identify as a baby",0,0,0.9356071,0.06439291
1253292950878146563,I saw a tweet where someone said the boy has ADHD and I had to google it. Now Iâ€™m wondering how woranworan entered this matter https://t.co/qpTCyu6ZAF,0,0,0.93563396,0.06436598
1297738215030263809,"@andypam11 @3AW693 No proof of long term affects on health. People have lingering problems. I'm pregnant, my husband has severe asthma and my son has upcoming surgery so no I don't think that's the case",0,1,0.15246792,0.8475321
1227265773359509504,@deedeehume Excatly ğŸ¤¦ğŸ½â€â™€ï¸ itâ€™s a fun a day everyday when you have a kid with ADHD lol . She will keep anyone going. Sometimes I have to get on to her tell her to go play ğŸ˜‚ğŸ˜‚ğŸ˜‚,1,0,0.70388067,0.29611927
1362719539385962496,"Dear Care and Feeding: My Daughter Was Just Diagnosed With ADHD. Could I Have It,Â Too? https://t.co/6bPv08N9GL",0,0,0.9345434,0.06545659
1096331868562165760,"I actually cannot understand this whole idea of ""I'm not going to vaccinate my kids in case they end up autistic"" like would you actually rather a dead child ???",0,0,0.93532413,0.06467581
1196253364528398336,"@2Cadenas_ I believe all of this to a certain degree. But I had a DICK of a teacher in high school who almost let a girl DIE bc he thought she was â€œfaking asthma to get out of classâ€ so maybe this teacher was a crazy bitch, maybe the kid shouldâ€™ve just kept his mouth shut ğŸ¤·ğŸ»â€â™€ï¸ both?",0,0,0.9329902,0.06700979
923918553719431168,@kols_momma Iâ€™d rather my son have autism than die js ğŸ¤·ğŸ»â€â™€ï¸,0,0,0.92608005,0.073920004
499570350678896641,"@ClassyIAm I myself have an autistic child, so this walk means a lot to me, I appreciate your support in advance.",1,0,0.5898374,0.41016266
1378173836441489412,Are you watching this? My son #asd is teaching me the Sharkâ€™s anatomy. This is incredible to me. I remember just a few years ago he was mostly non-verbal. And now heâ€™s so confident in his words to teach me about his favorite subjects. #AutismAcceptanceMonth #AutismAwarenessDay https://t.co/7c2awOvLkX,1,1,0.093718536,0.9062814
1238789479768432641,"@Ajkmac1 @GeorgieRastaMay @piersmorgan I suffered with asthma badly as a child, I seemed to have out grew it but summer time I get awful hayfever and I have allergies to dust ğŸ˜‚ yes im hibernating atm, im young and a hypochondriac ğŸ˜‚ğŸ˜‚ğŸ˜‚ğŸ˜œ",0,0,0.9192416,0.08075844
1422249405059641350,"My brother wants sign his life away to jump out of f*cking helicopters into broiling oceans to save perfect strangers from drowning but wont get the covid vaccine to help protect my infant with asthma because its ""untested"". His bravery is apparently very specific",1,0,0.9329209,0.06707914
1120852773656915968,@bbnvee Honestly tho it's so sad that people are more scared of their kids having autism than dying from some disease! There was a mom on a mom page that I'm on worried bc her kid wasn't vaccinated against the measles and she was asking how she can protect him against it. Uh...VaccinesğŸ˜‚,0,0,0.9349469,0.06505308
1381959609792016384,@dalybeauty I've heard amazing things about The Masked Singer &amp; I refuse to watch because of Jenny McCarthy. I was also a huge Donnie fan (NKOTB) &amp; I unfollowed him &amp; haven't been to a concert since he married her. She's one of the ones who started this mess &amp; her kid didn't even have Autism,0,0,0.9322915,0.067708515
1111213383540461569,I donâ€™t understand how anti-vaxxers are more scared of their child developing autism than of their child catching a life threatening disease. So... youâ€™ll take the risk of having a sick child versus having one with autism...?  There have been multiple studies denying it anyway ğŸ¤”,0,0,0.934605,0.06539495
1390629581359652864,Love this essay by my friend @metteharrison and the way autism changes the experience of gender   The Year I was a Boy  https://t.co/ccwucSivCi,0,0,0.9356227,0.0643773
1341377706726928391,"@JunkieYetFunky Iâ€™m sure you didnâ€™t mean it in a mean way, but you saying you donâ€™t prefer your son the way he is definitely rubbed me the wrong way. There is nothing wrong with being autistic and  preferring your child be neurotypical is kinda ableist.",0,0,0.93038696,0.069613054
414313660027518976,@JustineSacco6 @VidaSoCali but having sex with an autistic child is?!?! I'm confused,0,0,0.9338692,0.0661308
976593995617812480,"Today, I hate autism. Sometimes being a mother to a child on the spectrum is REALLY fucking hard.",1,0,0.93013626,0.06986368
1242281658834878466,"I've been making masks! Four for my mother and father in law, two for a local nurse who reached out, and two child sized masks for her daughter who has asthma. One of my sculpts was kind enough to model for me (evenâ€¦ https://t.co/l802UtEOXn",0,0,0.7335215,0.26647842
1253388727805710340,@paigehennekam Hey Paige! I DMâ€™d you on IG and would love to chat with you about autism in girls. ğŸ’•,0,0,0.93538076,0.064619206
1406612741314564097,"https://t.co/mKLljG7t1w  ""I'm a father of three, my oldest son is autistic  . . .  I love my kids. I love seeing them grow, you know, and... https://t.co/2c2GykGyRA",0,0,0.54025316,0.4597468
1370897601155846146,Hey @IzdiharJamil I'm a journalist in Melbourne and write for a radio station. I'd like to have a chat with you about your aunt who has an autistic child ahead of World Autism Awareness Day. Cheers!,0,0,0.92888826,0.07111168
1107627948386017281,"@Kokomothegreat @realDonaldTrump My child has ADHD and doesn't act like a buffoon. She is intelligent and kind, unlike this""very stable genius."" I hate to stigmatize people who actually do have to take Adderall while joking about this joke of a president. No amount of medication could help him.",1,0,0.7055389,0.29446107
1148653774648385536,"Can you imagine that your comeback to ""i don't want my child to die a horrible death to a incurable disease"" being ""well i don't want my child to be alive and healthy with autism"" imagine rather have someone else's child die then raise a child with autism #antivaxxer ğŸ™„",0,0,0.93184555,0.06815437
1150871259980402688,i myself had to educate myself even while having a child with autism.,1,0,0.93220705,0.06779296
1074744584469651459,"Now, if he is autistic, it wonâ€™t bother me. Iâ€™ve worked with autistic children and my son being autistic would not bother me.  I just really, really dislike the judgemental looks from other parents, who are thankful itâ€™s not their child whilst Iâ€™m being head butted by my son.",0,1,0.1440788,0.8559212
1070863189779320837,"@MelissaBeagley I haven't had experience parenting a kiddo with autism, but I have worked with them, and I think the hardest thing is that everything is so counterintuitive. What you would do for a typically developing kid, just makes things worse for an autistic one.",0,0,0.9291465,0.070853435
1438076839281532933,"[NEXT] #DrsNote   We chat Attention Deficit Hyperactivity Disorder with Phillip van Rensburg - Clinical Psychologist at Netcare Akeso George.  ADHD is usually associated with children but, interestingly, is also common in adults.  #BetterTogether #Radio2000 https://t.co/430yeNEIiG",0,0,0.9341225,0.06587744
1266032641788141568,We should definitely shame people who adopted an autistic child from another country for their YouTube channel and then sent him back because it was too difficult and not aesthetically pleasing as theyâ€™d hope. https://t.co/AABHhITQIU,0,0,0.92510223,0.0748977
1144031256163708930,"""I'm a stay at home mommy to a medically complex warrior baby""  Just save us all the time of reading that sentence and say your kid has autism ğŸ™„ shit",0,0,0.9094382,0.09056175
1293745643094249473,"Ken just spelled her name backwards, just to flex on me while I was tucking her in. My baby with the speech delay spelled her name backwards. Where is the champagne?! ğŸ˜­",1,1,0.092604645,0.90739536
1306936371379142656,I'm black with an autistic son....Nah I'm good CBS,0,0,0.87628543,0.12371452
1169064194626465802,Landon starts school Thursday &amp; Iâ€™m just stressed ok...special needs kids are a lil different of a process so Iâ€™m just praying for the best...send some prayers up for my baby this school year pleaseeeee ğŸ™ğŸ½ #aspergerskindergartner #asd,1,1,0.10197272,0.89802736
1167618379064233985,"@maggie_kierl Girl same! Iâ€™ve been on vacation all week cause we go all year round and get two week long vacations in the summer, but I always think about how my kids are doing. Theyâ€™re autistic and some donâ€™t have the best home lives",0,0,0.64588785,0.35411212
1414640068459995140,"@mx_visions We thought about getting him headphones but he also has super bad ADHD and his mom doesn't want him on medication (understandably since he's 8) so we are trying to stop a lot of the ""fast content"" that YouTubers present as ""kid friendly"". And this guy in particular goes at (1/2)",0,0,0.92889345,0.071106575
1290748993539051520,@medusaisms I do In home treatment for autistic people and itâ€™s fun a lot but. Having a child spit food in ur mouth. 0/10,0,0,0.91638297,0.08361708
752569847003815936,â€¢ I've had asthma since the age of four. I'm not as bad I as I was as a child but I do getâ€¦ https://t.co/2p7uBOkOdz,0,0,0.9318259,0.06817411
688125587869704195,@bythesheetstore @imbadatlife my fav is the pic taken by the dog of the girl who doesn't have eyeliner on and just found out she has asthma,0,0,0.9314008,0.06859921
1420240266863075328,Watching the assembly meeting and taking the necessary steps to move my child from the homeschool charter school back to her neighborhood elementary school. I am feeling so many mixed emotions. Does anyone know for sure if ASD virtual will be offered this year?,0,1,0.36771262,0.6322874
1365018721756925952,@pulte I have an autistic son and we need some help paying for his ABA therapy bill ğŸ¤ğŸ»ğŸ™ğŸ»,1,1,0.3990398,0.6009602
1239358394777112578,"is it possible to have ADHD in the womb? if so my lil boy got it... he donâ€™t be still none, day or night ğŸ˜‚â˜ ï¸",0,0,0.92033774,0.07966223
954911981693296640,@OddeTee @kAiyanaK I'd also much rather have an alive child with autism than a dead child from any sort of preventable disease,0,0,0.93549967,0.06450028
1199988331196682240,If you are sick this holiday season stay the fuck away from my children. I will throat punch you into the next generation of you come near either of them. Piper has asthma and she definitely doesnâ€™t need it to get worse ğŸ¥´ https://t.co/NllJ96BNvH,1,1,0.104320474,0.8956795
1340821347665018880,Finally got my results. I tested negative and Emma my oldest daughter tested POSITIVE . Iâ€™ll be getting retested this week but now Iâ€™m stressed af. She has horrible asthma and I pray to god she get little to no symptoms. ğŸ˜¢ğŸ™ğŸ» https://t.co/yDrQVmOhpP,1,1,0.2019842,0.7980158
130152961782448128,i have a super power..i'm raising a child with autism:),1,0,0.92672706,0.07327296
1304963065272823811,Wtff?? Thereâ€™s absolutely nothing wrong with being autistic! Letâ€™s try to comprehend people and the fact that not everyone learns the same speed or the same ways as others. My son could possibly be in the spectrum and I have changed my whole life just to understand how - https://t.co/AL7nTC9N6J,0,1,0.17391782,0.8260822
1172508073447084033,"My mom was telling her co-worker that Wesley is sick &amp; got shots yesterday, which both are true. Her co-worker proceeds to tell her that when babies get shots while sick it causes autism. Whooooo tf is this lady and what tf did she tell my momğŸ˜‚ vaccines do NOT cause autism.",0,0,0.9342535,0.06574652
1422692214786822146,@MrrRighttNow AUTISM! These have been a life saver in bringing my autistic 5 year old to theme parks etc. what a bunch of judgy twats in this thread. You donâ€™t know why that parent is making that choice and itâ€™s not a damn bit your business,1,1,0.31915438,0.6808456
1357499429251649538,"My son is in JK and has ASD/NDD. He's had a rough week and had a really difficult day today. I guess he punched a kid in the stomach (probably swore too) and a parent volunteer saw and commented on it saying ""how is this okay?!"" I swear to God I'm going to lose my shit....",1,0,0.6868809,0.31311905
1213493887307800577,@BabesOfLAAAND Oh wow! I need to try one of these! My ASD girl is frequently screeching and crying and it really wears on me some days. Where did you get yours?,1,1,0.39107955,0.6089205
1433774978734993411,"@Soulful_Justice @ReeChristene I would agree if the they actually did cause autism. But they don't, its been disproven. Are there risks with vaccines? Sure, there is risk with every medicine. But I'd rather run the small risk, than deal with my 2 year old and measles ğŸ¤·ğŸ¾â€â™€ï¸",0,0,0.87886167,0.1211383
1274122516928348160,I just watched a Jenny 69 video for the first time. And this girl said pretty much she couldnâ€™t take her son to get checked out for autism because sheâ€™s too famous when literally I had no idea who she was until last week...because Twitter was cancelling her lmao,0,0,0.93525666,0.06474331
1097655080453517312,"I've always wanted the twins to be free from the world's diseases so hearing the doctor say yesterday that Kurt has inherited one of my family's diseases, my heart sank. Asthma is no joke.â€¦ https://t.co/xVAcYv0ZPf",1,0,0.92506677,0.0749333
1314496336708792320,My son has had a speech delay for a while now an slowly heâ€™s starting to talk more an more my heart ğŸ˜­â¤ï¸ğŸ¤ğŸ¼,1,1,0.08049151,0.9195085
864687366920847360,Even if he wasn't autistic I don't believe it was right for them to criticize a child https://t.co/okkPbRIKAv,0,0,0.9354131,0.064586855
1189665064065884161,I had a project on Asthma ğŸ˜ƒ came in handy for baby lungs over here,0,0,0.9348031,0.065196864
930101586386448385,@ProducerRidley @ABC7Autria Very similar to the (Specific Carbohydrate Diet) SCD diet that eliminated all Autism symptoms in my daughter,1,0,0.92852885,0.07147122
1036110103336771584,"When your daughter is sick and her asthma start being stupid, so our Saturday is at the ER #mommyduties",1,1,0.121388085,0.8786119
1270930790168182787,@Ellllllieezz dude she always complains about her son in her videos and how he always cries and what not and I never knew he had autism until recently! sheâ€™s so wrong for that ğŸ˜–,0,0,0.92306674,0.0769333
938421591310028800,"@lexxxinthea My best friends son had adhd and a few other things idr, they put him on medicine and you wouldnâ€™t believe the change- meds arenâ€™t always a bad thing! Good luck, I hope everything goes well for you guys!",0,0,0.9002959,0.09970406
992552152106127360,thinking about my sweet boy as I was accepted into Ball State's Masters of Applied Behavior Analysis :-) my cutie that made me want to work with kids with autism forever!! https://t.co/nL3E7uRrAn,1,0,0.91151047,0.08848953
1266080325979029505,As a sister of a 10 year old boy with autism... my heart hurts SO MUCH https://t.co/nSmQdFFj2B,0,0,0.92929256,0.07070743
1320615805797552128,Being a mother of a child with autism is making sure I have chicken nuggets and French fries ready for him from morning til night .,1,0,0.8319789,0.16802104
1144343470946959360,Iâ€™m literally so mad about that video of that autistic boy being bullied and threaten with a gun. Like I want to do something about it. Iâ€™ve been angry about it for hours lol,0,0,0.935445,0.06455493
1255021960037388290,I'm 35 weeks today. I shaved today for the first time in like a month. I'm not shaving till after I have this baby again. I about had an asthma attack in the shower with how hard is it to breathe and reach ğŸ˜‚,0,0,0.86720634,0.1327937
1411829025782341633,@deanime_ The same thing she talks about Jessi and Trisha.  But we should be compassionate about her ADHD and child trauma.,0,0,0.9288168,0.07118324
1009555544481333248,"â€œI read on Facebook...â€ â€œI donâ€™t want my kid to be autistic!â€ â€œWell my moms, sisters, best friends, cousins, hampsters first owner said...â€  Vaccinate your kids so infants, children with allergies and autoimmune disorder, and elderly people donâ€™t pay for your stupidity. https://t.co/tQD9iyboHJ",0,0,0.9353375,0.06466249
1005545215120289793,People apparently choose not to vaccinate their kids because it can â€˜lead to autismâ€™. Iâ€™m not being funny but if that was true then Iâ€™d rather have a kid with autism than them become fatally ill from something I chose not to prevent,0,0,0.9351325,0.06486746
1011767447970566144,so iâ€™m sitting with a kid who iâ€™m 1:1 with at work and all of a sudden I look over and heâ€™s crying. iâ€™ve worked with him maybe 5 times and have never seen him cry. my PC said he hasnâ€™t cried in years. I somehow made an autistic kid cry. I feel like an assholeğŸ¤¦ğŸ½â€â™€ï¸,0,0,0.8624192,0.13758087
1265680207677177856,@xoniastar She adopted an autistic boy from China 2 years ago I think and they claimed itâ€™s â€œtoo muchâ€ and theyâ€™re looking to rehome him now like heâ€™s a damn animal,0,0,0.9354813,0.06451871
1335610175592550409,"An update on us this morning.17 yr daughter been staying with my mom  couple months has bad chills, headache and just feeling poorly. So far 10 yr is fine.Also the baby is fine just a little grouchy. Myself, woke up wheezing asthma acting up and bad headache. Day 7 Keep praying",0,1,0.12508942,0.8749106
1480282185898807304,My poor girl is sick againâ€¦ hoping for a much more mild cold this time since we have her asthma diagnosis &amp; treatment figured out. ğŸ˜©ğŸ˜©,1,1,0.15872434,0.8412757
1241723663914807300,I used to do all types of experiments with asthma medicine when I was a kid ğŸ¥´,0,0,0.92482823,0.07517181
1387926884487471106,"So the cop comes and THEY TELL THE COPS IM TAKING ADVANTAGE OF AN AUTISTIC CHILD by stealing his stuff and putting it in the shed. maâ€™am for one how am I taking advantage of him? for two heâ€™s A GROWN MAN, for three he has nothing in there heâ€™s been here a a couple of days???",0,0,0.8764003,0.123599775
1487583290781491200,The farm that I take Joshua to collects the entry fees and create scholarships for kids with autism to be able to attend therapy ğŸ¥º,0,0,0.9198176,0.08018242
1350497142700433411,"Iâ€™m not fucking with this Covid no more. I still think itâ€™s man made and government control BUT I love my family too much to put them at risk. Half of the family has asthma extremely bad , including my son.",1,1,0.13569926,0.8643007
1270751719383691264,bitch wtf hows that funny ??? if my bf said hed smack the shit out of our son bitch bye gtfo before i pistol whip you wtf weird ass hoe. Emmanuel has autism hes gona be difficult but doesnâ€™t mean you go say this ğŸ¤¢ğŸ¤¢ man i never wanted to fight a bum ass hoe more than rn https://t.co/4fjzyhNA2Q,1,0,0.93466824,0.065331765
1265628825943236611,"@grumpysteve47 @ljmatt @pixiesheena @benhabib6 There has been no confirmation that his son is autistic. The wife was well enough to care for the son, she could have done so in London. Do you always plan your parenting decisions on worst case scenario? In which case, better never leave the house in case I get hit by a bus...",0,0,0.92155004,0.078449935
1240318260417044481,@Sulsters_inc I am more worried for my girl and her asthma  staying positive we need a laugh and being adult about things for some online is the only social interaction they have so trying to keep things as ğŸ‘as possible,1,0,0.8864684,0.11353162
1437253332935061504,My son is afraid of needles and autistic.  He just spent 45 minutes with nurse fighting his fears of needles to get his Vaccine.   If a 11 year old kid and put up his fears so can you.   Get your darn #CovidVaccine and keep everyone safe. (@DavidJoeColey) https://t.co/CmGnynNvN7,1,1,0.10160277,0.8983972
971173682981765121,This mom received an anonymous complaint from a neighbor about her son with autism: https://t.co/oxilf3O8f5,0,0,0.93558735,0.06441271
1282720716262080513,Itâ€™s taking a lot for me to get on here because I promised myself I needed a social media cleanse . As many of you donâ€™t know I tested positive for covid-19 . Iâ€™ve had 3 asthma attacks &amp; have been in quarantine for two weeks . I havenâ€™t seen my daughter since I tested positive .,0,1,0.47504735,0.52495265
1274594974580051969,Ya boy was diagnosed with ADHD in grade school so if you want to know how my brain work better read this thread!! Most of it is spot on for me. The only thing that isnâ€™t is the lists not working thing but lists are literally a hyperfixation of mine so. ğŸ¥´ https://t.co/3uIvP0GVKG,0,0,0.89603424,0.10396573
1242655970716614656,"And itâ€™s only because of my MIL health. They make it seem like only she has health issues &amp; would go to the ICU if she contracted.   My husband has asthma, my siblings, his siblings. My sister and I are pregnant. I have a small child. Our grandmas are above 65 years. Like what ğŸ™„ https://t.co/xMq5VUhk59",0,0,0.859678,0.14032201
1048018855623184384,@mattkoz My daughter is speech delayed so I get to play a game called â€œWhat on Earth did I do wrong!?â€,1,1,0.13083339,0.8691666
1479514994018435072,"When our son was 6 months old I noticed that he didn't babble like other babies and I reached out to have him assessed for language issues. He's now over three years old, mostly nonverbal and today is our first appointment with a Fraser health pathologist. That's nuts.",1,1,0.47833258,0.5216674
1330351112608768000,"My son has delayed speech and we are teaching him baby sign language and the eagerness in his hands when he signs â€œpleaseâ€ against his chest both breaks my heart and mends it.   He is teaching us, too.",1,1,0.0794152,0.9205848
1384203094007844869,"@acagoldsmith @Bumble_Bear_89 @QueerlyAutistic @Mythical Well considering I'm not only autistic, adopted, and the mother of an autistic child, I think I have a pretty good understanding of how an autistic person feels about being aborted.",1,0,0.9353739,0.06462613
733349856333430784,@iamthemaven @LittleRemedies yesterday we went to @Target &amp; got a few items as my daughter has allergie /asthma #MyLittleRemedies,1,1,0.096966915,0.903033
1318661898582122501,"Today I found someone selling a detox spray that she claims helped with her son's delayed speech. She also said that it can take 3-6 months to work... you know, a decent amount of time to help teach your child to speak with speech therapy techniques. This scam makes me so angry.",0,0,0.66856045,0.33143952
1280238226104451073,I'm an autism expert who adopted 2 children with special needs. Myka Stauffer shouldn't have apologized for 'rehoming' #her adopted son. https://t.co/PefMs2UWOj https://t.co/em18zjp09O,0,0,0.92617285,0.07382712
1454190637834596352,@Ohearn22 @ABC Itâ€™s a risk assessment for everyone. My kid is healthy. Her friend has asthma. For a healthy kid their chance of having serious issue with covid is .0003%. But her friend should probably get the vaccine since his chance with covid is higher.,0,0,0.93218255,0.06781745
1218827108509802496,So #proud of my daughter #autism hate doing sports but look at what she achieved. Well done my little darling. #sports https://t.co/HqaOA5RvBW,1,1,0.08569922,0.91430074
928079477946638338,this weather got my babyâ€™s asthma acting up. ğŸ˜•,1,1,0.0810501,0.91894984
1298766253985796096,My dental teacher just accused my son of being autistic bc heâ€™s afraid of the dentist. Iâ€™m ready to fight.,0,0,0.758243,0.24175699
1300964927633608704,My History professor gave us a video on how to write notes and it said you must keep things brief and write in abbreviations and thatâ€™s kinda hard.   They also said not to rewrite notes after class even if you record lecture...and like....no baby. I have ADD â˜ ï¸,0,0,0.9206527,0.07934736
319151553292431361,@KailLowry my son is autistic. I am so glad more ppl are becoming aware of autism. My son is very smart and happy but does have challenges,1,1,0.10880313,0.89119685
1172339009130876928,It gets really overwhelming when Iâ€™m so proud of gabby being able to do something on her own and someone has to one up her. â€œOh well my child can do thisâ€ like... cool my child is also delayed in speech and yours isnâ€™t soooo.... ğŸ˜’,1,1,0.081569985,0.91843
1365043519488806912,"@IngridDAnderson @JennWelchNow @blkgirllostkeys Current husband has ADHD, diagnosed as a kid, self-managed/medicated, but he has a MUCH less severe case than I do (i.e. he CAN self-manage/self-medicate), so he gets it but it also means I had to make an exec. decision &amp; hire someone to deep-clean the house every-other week.",0,0,0.9251459,0.07485407
1324031275590512641,"Dude honestly, my family is so fucking stupid. They live off one income so my cousin lies to the government to be able to get help, which is fine, but republicans donâ€™t like you. Their daughter is bisexual. Their son has ADHD. Never seen their dad shoot a damn gun.",0,0,0.93108445,0.068915606
1321810309049364481,So my brother had to come over my house yesterday to use my sonâ€™s asthma pump because he tried to go to rite aid and cvs for his prescription and couldnâ€™t because they were closed. I hate it here this shit is disgusting!,1,0,0.70122886,0.29877114
1270718353896660997,So I watched her video that every one is talking about. And honestly the end when her sons dad says heâ€™d smack his son for have a breakdown (the son is autistic) is disgusting because he was so serious. Thatâ€™s not how you treat an autistic child. https://t.co/7S4IuJVN1q,0,0,0.9244057,0.07559428
963441171317043200,â€œMother Added Bleach to Childâ€™s Drink to Cure Autism.â€ Annnnnd thatâ€™s enough Facebook for todayğŸ™„,0,0,0.9344233,0.065576665
1420228189574426626,"@HushJared Okay, legitimate question and not me diagnosing someone's child. But does he have ADHD? Because I do and asking ""what?"" before someone finishes what they are saying because my brain is running at the wrong speed is something I still struggle with as a grown ğŸ‘ adult with kids.",0,0,0.92793834,0.07206165
1207714761313411072,"For the past couple months Dallasâ€™s Asthma has been flaring up so bad that he wasnâ€™t acting like he normally does. FINALLY after all this time weâ€™re starting to get it under control ğŸ™ŒğŸ» Within the past 2 days he has done a complete 360, My baby boy is finally acting normal ğŸ˜©â¤ï¸",1,1,0.09219876,0.9078012
1387041686065487872,"@MamaWiki_ @ashberrykush The mentality you are projecting, from my POV at least, is that anyone with a sliver of belief that they could be autistic is allowed to say their autistic. And that is not something I agree with. For example, I am genuinely concerned my daughter could be on the spectrum",0,0,0.931909,0.06809099
841481816724918272,Ugh ğŸ˜‘ a snow storm is coming and my son is in the ER at the asthma treatment center @nyphospital #kidslife,1,1,0.12736653,0.87263346
956944311156953088,"iâ€™m deadğŸ˜‚ğŸ˜‚ vaccines do not cause autism which is ACTUALLY caused by chemical imbalance, multiple pregnancies, advanced parent age, premature birth, the parent can be carrying a gene linked to autism which can be passed to the child. Educate yourself ğŸ™ŒğŸ¼ https://t.co/CcBY3S02K9",0,0,0.9355452,0.06445486
1120710313643524096,"I say this ALL the time, Iâ€™d rather my child have autism then die from a disease i could have prevented by vaccinating them! (Aiden is very well vaccinated and will continue to be, and heâ€™s the healthiest baby ever) https://t.co/r1i94vs2Xm",0,0,0.9293767,0.07062335
961994128845426693,I freaking love kids with special needs my gosh my entire day is made!!! The cutest little autistic boy came in my store and had the biggest heart!! Uh ğŸ˜,0,1,0.46278083,0.5372191
1385224892946255872,"@DairyContrary73 AOS or OAS? I get OAS. Just keep an eye on it, it it triggers asthma attack and hives itâ€™s technically an anaphylactic response and should be seen.  Piriteze is brilliant stuff, my son takes cetirizine and itâ€™s in his emergency bag. It works remarkably quickly",0,1,0.09955935,0.9004407
1240174294015107073,@korgfal Or like I dealt with have a ASD kid who eats very few things and you can't find them...  It took me DAYS to find peanut butter and I went to tons of stores far and wide and that was before this got real sideways here.  Now suddenly everyone wants peanut butter...,1,0,0.90635556,0.09364441
1205214509037735936,She baby sat a little boy who had a severe case of autism since he was in first grade and now heâ€™s almost graduating high school. ğŸ˜­ her heart has always been with special ed and I pray she continues to have that special heart! â¤ï¸,0,0,0.6658768,0.33412325
1415436419191951369,"been thinking about this for like 3 days now, but i met a child w aspergers the other day n we had like multiple conversations, he brought me up some snacks to the work counter n all that, but when he went to leave he said â€œhow do u know how to communicate w me, are u autistic?â€",0,0,0.89203966,0.10796033
1404527867535540230,"@JudgeMegapolis Iâ€™m reading about autism and my daughter is working on a research paper for her PhD program about it. Itâ€™s more common than people realize, might be a new normal coming out of it.",0,0,0.7405727,0.25942737
1210298245517389824,@haleymossart @spectrumly Define â€œsomething cool.â€ Does being a working autistic mother and wife with a deaf newborn son count?,0,0,0.9352029,0.06479714
1259641179077033984,@KaneWWE my 10 yr old minimal verbal autistic son is your biggest fan. He does your ring taunt all the time. I wanted to reach out to you to see if I could a response from you. I know it would make his day to get a personal message from you or just something.,1,1,0.09759749,0.90240246
1256179661106708481,Itâ€™s two confirmed cases at the stark county jail if ANYTHING happen to my bd I will own that mf â€¼ï¸ . My baby is  asthmatic ğŸ¥ºğŸ˜°,1,0,0.5809832,0.41901672
1187398986275143681,@DerrickL I am a mother of an autistic child who has some learning disabilities and this makes me cry and so so angry!,1,0,0.81142765,0.18857238
1389040757521096708,BabyCentre Email: Freshen up your book routine by taking your toddler to the library! Reading to them helps them learn words!  Me: *looks at my nonverbal toddler* *looks at covidiots &amp; gov't dragging out this fucking pandemic so my library remains closed* *pours self a drink*,1,1,0.49791703,0.50208294
1398078394311581696,@markallanbovair So critical that people donâ€™t dismiss ADD/ADHD. And it presents itself very differently in girls.   Iâ€™m glad youâ€™re son is thriving and heâ€™s lucky to have your support.,0,0,0.89599884,0.10400119
1399017658163544066,"@dm_clover My husband has been diagnosed since he was a kid and I focus too well to have ADHD, but I have a strong suspicion Iâ€™m neurodivergent as well (autistic) although I doubt that I would be officially diagnosed as such.",0,0,0.93393636,0.06606363
1248317062704848896,@c_eli123 yea i think I kicked him out bc if its not for me (asthma) then at least do it for your daughter pero no se fue el guey,0,0,0.93207914,0.06792089
1384602387231424515,"This could possibly be Autism in its highest and scariest point. Iâ€™m sorry but you canâ€™t judge a parent or their child in a situation like this. She most likely didnâ€™t â€œletâ€ her child scream, she probably needed help. Donâ€™t be so quick to judge. https://t.co/1M2JvQB4vo",0,0,0.9261125,0.07388753
1412202979399127042,My nephew had mild autism and Iâ€™m so glad my sister is a good mom. Heâ€™s such a smart kid. I see the progress theyâ€™ve made,0,0,0.9349275,0.06507246
1167363848598368257,"@DrFrancesRyan As a pregnant asthmatic with a 2 year old, this is not great news. I will be having my baby right in the middle of flu season. Also know two very young children with cancer who rely on the rest of us to get vaccinated to protect them. To anyone pooh-poohing this risk, screw you.",0,0,0.5089316,0.49106842
1434445645096628225,"@SoozUK We watch this at least 1-2 times a day because my ASD 3yo is obsessed with this set and, frankly, Iâ€™m so proud of the child Iâ€™m raising",1,1,0.10186492,0.8981351
1326500982751178752,@alpal8123 @jofosho2014 my brother has mild autism and he liessssss. oh boy he lies SO MUCH. heâ€™s not that great at it but he tries lmao.,0,0,0.9335625,0.06643756
1103391646018924554,"@KTremblay64 @ctvottawa ""I do not have a child with autism"". In that case, stfu.",0,0,0.9346578,0.06534216
1412703656491708422,(I need to get a job that takes me out of this country. Why? The evil bitch I am squatting with. My mother just called me autistic and abused me because I forgot to shut the door. I forget things a lot no doubt but for you to abuse your adult daughter and compare me-,0,0,0.9253183,0.0746817
1494496914712064001,@Mama_Bear_Sarah My 14yo son is autistic. Itâ€™s a journey. Esp in that immediately post-diagnosis period. Naps help.,1,1,0.09927282,0.90072715
1030870089329864704,"@CaraaRaee One of the mom friends I have is pretty anti vaxx. she has the healthiest and happiest kid iâ€™ve EVER met in my whole life. Now, I donâ€™t know if she chose this route simply because of autism, but there are TONS of other things that can happen to your child when they become",0,0,0.9320721,0.067927875
1125616859460587523,I hate when Harpers asthma flares up ğŸ˜© my poor baby,1,1,0.082398154,0.9176019
1114000703330983937,The girl I'm staying with works with children with developmental/learning disabilities and she told me how the mother of this nonverbal 3yo child feels it's perfectly okay for him to watch jeepers creepers and Chucky. Some people shouldn't be parents,0,0,0.9283605,0.07163946
1284478289076269056,"Respect to Cam!""My son has asthma, so weâ€™re not really sure how COVID would affect him. Putting him on a plane was not a good situation, we wanted to keep him out of restaurants, hotels as well. The R.V. provided us with a fridge stove, wife loaded it up with five days of foodâ€ https://t.co/rGzMAbbGRk",0,1,0.09969836,0.90030164
1328495777866510337,So an autistic child with sensory issues who canâ€™t handle wearing a mask will be refused entry to school.  This was info given to a parent by the school districtâ€™s special needs department.  This doesnâ€™t seem right.,0,0,0.768168,0.23183201
1143858244802240512,The stories thatâ€™s shared on FB are sad and I hate to even read the storyline. Especially the one about the austic boy getting a nail put in his head by bullies. That really hurt me because itâ€™s really cruel people like that in this world.,0,0,0.9339362,0.06606382
1411372662148898818,"@smilingrain122 @1followernodad I got to a point when i got vaccinated where the risk was worth it at a certain point to let him have experiences, especially if climate change continues at this pace. Heâ€™s even got a speech delay from not being around kids for so long ğŸ™ feel free to add if u need a vent buddy!",1,1,0.11888598,0.881114
1417990012541489156,@Madeline_Pine I rly want 2 write a mg or ya fantasy w/ 4 POVs w/ 1 of those POVs being a blck non-verbal autistic kid w/powers &amp; his autistic traits are just.. normalized &amp; accepted &amp; nobody cares. I hesitate to do that because Iâ€™m not nonverbal (maybe autistic but no dx) also thought 1/2,0,0,0.93489385,0.06510618
957061312273616896,My clinic:  Wart Diabetes Kidney failure Domestic violence 1st visit 13 yr old having sex Back pain Flu Domestic violence leaving husband Concussion Dementia Flu Headache Anxiety High BP 8yr old ADHD Weight gain post-bariatric surgery And so on  #LoveMyJob https://t.co/vYvms9ta4Z,0,0,0.9330404,0.06695964
1426617538117398528,"@ZiggyJG After having 1 baby, I have such a hard time wanting more even though both hubby and I wanted 2-3. Now we are both not sure we want more. I can't imagine having them back to back. It took over a year for my body to be completely healed from the c section and asthma shit.",0,0,0.7961936,0.20380642
1251621810245980161,I worked with this little boy with autism and his mom was from Africa and this was the only way he would sleep! She put me on game about baby wearing before I even thought about having a baby. https://t.co/iBGIS431qy,0,0,0.9318312,0.06816886
1059708596496318464,@kaitlynalecia_x I donâ€™t understand people and thinking that having a child with autism is worse then having a dead child.,0,0,0.93534374,0.0646562
981925984537534464,@sangdosangdid idk but I hope that boy knows I already have asthma and heâ€™s not even my fuckin BIAS and heâ€™s out here wildin like that ğŸ˜¤ğŸ˜¤ğŸ˜¤ğŸ˜,0,0,0.8500731,0.14992689
730930060220334080,I liked a @YouTube video from @queendeefitness https://t.co/KeCuR8d0Rx Our Son Has Autism,0,0,0.9354942,0.06450583
817518219443388416,@wickinatorr I have a little autistic girl that comes into my work alllll the time and she's the sweetest thing ever!!,0,0,0.9065581,0.09344188
1384148773698371591,"@mikiebarb It sounds so dramatic typed out, but as the one mom said, Iâ€™m not a homeschooler. Thatâ€™s not a talent I possess. Nothing Iâ€™d ever do. And here we are a year later, I fight with my kids every day, my toddler is non-verbal so throw that on the pile. Itâ€™s too much.",1,1,0.1709222,0.8290778
1160550592860819456,"@ariesgodmother This is Bolt. Heâ€™s almost 12 and every morning he jumps in to my bed and snuggles my baby bump. We trained him as a pup to be an emotional support dog for my son with autism and heâ€™s the sweetest, most caring, empathetic dog in the world. https://t.co/wh9M2RRXnP",1,1,0.19220586,0.80779415
1214579199106846726,i was a little kid model for toys'r'us and also featured in a medical magazine for ADHD where a journalist watched me color..... https://t.co/tI3PF4PO92,0,0,0.9356122,0.06438778
1352819129124843525,"@hann_morr Girl too much screen time affects imagination , education and it causes speech delays! I feel so sorry for kids whoâ€™s parents are constantly putting a screen in their face to entertain them.",0,0,0.62167656,0.37832344
1362498671166693381,@xx_aishaa_xx @3DK_Chief @heyjoydoe Girl i donâ€™t doubt it dr sabi knew something was up they just decided ok letâ€™s put all this shit in there food water and air and see what happens lol meanwhile weâ€™re all adhd and autistic ridden with anxiety haha,0,0,0.93557453,0.06442554
1193056004956704768,"I am currently sending myself into a panic thinking my child has asthma, but I just now think he has a bad cough. I gave him some medicine and now the cough has died down and he says he feels a bit better. I hate worrying. ğŸ˜”",0,1,0.3154817,0.68451834
910313725424435201,I accidentally yelled at an autistic 11 or 12 year old boy who took Nora's balloon because I didn't realize....and I hate myself,0,0,0.93562186,0.06437812
1272979780967649281,@aroundthesun17 This video is old but her baby has autism. Thereâ€™s no link between alcohol and autism of course but she doesnâ€™t take care of his needs at all which shows you the type of parent she is.,0,0,0.9309373,0.069062725
1302656149594890240,@MrsHowardin4th Summer oh summer! How I miss thee! I do love my kids this year though! Itâ€™s a new adventure! This is my 1st year in SPED (4th year overall) and I teach 3rd and 4th grade students with Autism. Any help for us would be AMAZING! #clearthelists https://t.co/EG3Lf0uurA https://t.co/XiTcTsvULY,0,1,0.11675753,0.8832425
1339788982486401024,my parents when i was a kid: actually no mr doctor my child is not autistic because first of all youâ€™re just wrong sheâ€™s fine and second of all we refuse to believe anything that will require us to take a course of action,0,0,0.9015858,0.098414116
1270694272556249089,If you seen the video youâ€™d b pissed tbh and what did it for me was how Iâ€™m the video she tells her autistic son to say bitch and you see him in the car seat trynna put his own car seat buckle on struggling and shit and Annette just says my nails are not kid proof like bitch ??? https://t.co/gkkyL9zSgK,0,0,0.93105745,0.06894254
999033766843645955,"@IAmJeffEmmerson If I teach my son one thing in life, it will be that itâ€™s okay to talk about your mental health struggles. A dear friend taught me that when I was in my mid-20s, and it is so incredibly freeing to be able to talk openly about my issues with anxiety and ADHD.",0,0,0.7434293,0.25657073
1375849578092711937,"Justin just found out heâ€™s able to get vaccinated next week!!! We are so damn happy. Heâ€™s had cancer, has really bad asthma and well, weâ€™re having a baby. Iâ€™m so so so thankful heâ€™s able to get it. ğŸ¥º",0,1,0.31354603,0.68645394
1239262150004097024,@eunique I love this! My son was the same way. I promise it gets better once they realize they can breathe without all that pressure on them! My son is asthmatic and this has been our life since he was 3. It gets better mamağŸ™ğŸ½ sending good vibes her way! Sweet precious children you haveğŸ’œ,1,1,0.08055979,0.91944015
1343969014595334145,"@NootiNoot02 @OfSelina My son's autistic, too. He's struggled a lot since February, firstly with lockdown, then with the lack of consistency. He's also been extremely anxious about catching covid at school and giving it to his little sister, who has health issues. He's pretty much damned either way.",1,1,0.085411824,0.91458815
1139834556578766848,@LukaKerryn But even if that was how it worked I donâ€™t understand how they think risking their childâ€™s life is better than autism? Itâ€™s ridiculous.,0,0,0.93427694,0.065723136
1447927946631688192,I just really hope I donâ€™t give my baby asthma ğŸ¥º all 3 of us with it is going to be so hard!,0,1,0.34058473,0.6594153
1282358027518189569,I donâ€™t wanna send my kid to school while this COVID shit still going on... heâ€™s vulnerable bc heâ€™s asthmatic &amp; nahh itâ€™s not that serious,1,0,0.5490599,0.4509401
1266062432893616128,"Wtf is happening in our world this week?!   First a black man is killed by a cops knee and then a famous youtuber is â€œrehomingâ€ her autistic son she adopted because they couldnâ€™t handle him anymore.   I am DISGUSTED, heart broken and want to throw up all at the same time.",0,0,0.91673684,0.08326319
1114984973952585729,"Please go and support my girl Samantha Davis @SoulfulSuccess_ by reading her post ""Parenting Autism with a Mental Illness"" in the Rant &amp; Relax series â¤ï¸  As always, DM me to take part ğŸ“  https://t.co/jbObxjFmF7  #pbloggers #BloggerLoveShare #bloggerssparkle #bloggerstribe https://t.co/e6ge17ggJX",0,0,0.9223517,0.07764832
1357435428694065156,My heart dropped for that couple. Not only did they die over a snow dispute but they had a 15 year old autistic son who was inside the home when all of this happened. A boy lost his parents. https://t.co/ywEIKdTDO1,0,0,0.90205497,0.097945
1454566476124467202,@teerae Broooo i work with kids who have autism. You think your kids are mouthy?!? One told me the other day he donâ€™t like that my lace isnâ€™t evenly cut ğŸ˜­ğŸ˜­ğŸ˜­ little white boy too! â€œ miss rae you can still wear wigs but just try to cut the lace neaterâ€. I cried at lunch cause HUH?!??,0,0,0.93265676,0.06734325
1380151926629666816,Too many parents ignore the signs of autism and ADHD in our community cause black folks donâ€™t wanna admit that we can be mentally ill or mentally disabled. My mother ignored my brotherâ€™s autism when he was a kid ğŸ¤·ğŸ½â€â™€ï¸ https://t.co/EdzW3rEdxB,0,0,0.9357111,0.06428891
1289962389765529601,My son is only 1 and he has asthma just like me. But Iâ€™m here to say MY baby BEAT COVID ğŸ’ªğŸ½ğŸ¥³,1,1,0.08518228,0.91481775
1458393895562219521,Not me watching RHONJ reunion S4 with my mum and crying rn when they start speaking about Jacqueline and her son with autism ğŸ˜­ğŸ˜­,0,0,0.91039044,0.08960956
1478156930044645381,"I know Iâ€™M vaccinated and boosted but my kid still has pneumonia, just got released from the hospital for rare infection in his blood, and has asthma.  I would simply like to not get COVID while pregnant or infect my 19 month old.",1,0,0.77591616,0.22408389
1380923444712341508,I've accepted that this baby is gonna have ADD so I haven't been avoiding caffeine like I did when I was pregnant with Charlie.,0,0,0.9356698,0.064330265
1494186042571829252,"@CodyElijah1 Itâ€™s interesting how it affects kids, my 3 year old twins got it before Christmas when I had it, showed minor symptoms at first and seemed ok. Then about 3-4 days later it hit full force, high fever, wheezing in my daughter who has asthma. A day or two later they were fine.",1,1,0.0978307,0.9021693
1446817286753591298,"@eleonorasfalcon @helenb2454 @drmdsmith I promise you no â€œresearchâ€ has been done in many, many months (what with all the redesigning modules etc). And now Iâ€™m sick with a respiratory infection - always scary as an asthmatic - and worrying about giving it to my unvaxxed 2 year old &amp; still breastfeeding 8 month old baby",0,0,0.8032271,0.19677283
1133968063102115840,"I canâ€™t stop crying watching this. My parents provide school transport to children with autism, blind, deaf or wheelchair bound. Every child has a heart of gold. Itâ€™s so heartwarming to see someone like them able to live their dream. It gives me so much hope for them. https://t.co/2DYBB05fqb",0,0,0.65303457,0.34696546
1395832354963349514,"@SudiBearArt Ps that whole itâ€™s my super power thing makes me cringe. Iâ€™ve been fortunate enough to have been diagnosed as a kid, it wasnâ€™t until adults got diagnosed and decided to make ADHD like some kind of unique Neuro divergent sales pitch did they call it a super power. Itâ€™s â€œgirl bossâ€",0,0,0.8646442,0.13535573
1268814339777220609,"Loved how the cop Autism it takes a special mom to heart what a child cannot say shirt . Emptied out his pockets, put everything on the ground and walked around another person creating a perfect for himself.  #Autismittakesaspecialmomtoheartwhatachildcanno https://t.co/PSSrQ2KxsW https://t.co/V1OeJZa6hZ",0,0,0.9099037,0.09009634
1120635995920240640,"This has been happening in the US for a while now - people hate their autistic kids so much, they try to ""cure"" them - aka poison them - by feeding them bleach. And now it's come to Israel. I hope the authorities crack down on this. At best, it's child abuse, at worst, murder. https://t.co/4vKdEFC3sK",0,0,0.93306303,0.06693694
1263175557233078273,@MikuchanNeko @tiktok_us Very true! I was talking to a genetic doctor before about the condition my baby has (Single Umbilical Artery) and they were asking me questions to see if I was at risk for anything with the baby. I asked about autism (unrelated to the SUA) and that doctor said 1 in 70ish people,0,0,0.9350973,0.06490273
1011494762807844866,Oh my god I rtâ€™d that post about that 6 year old autistic boy that was missing and then read the thread and they found his body in a pond near his house Iâ€™m heartbroken ğŸ˜­ğŸ˜­ğŸ˜­,0,0,0.934742,0.06525799
1325552593293238272,My son only eats certain things like the same shit and it has to be the brand name and everything life of autism,1,1,0.33458132,0.6654187
1410015588433465345,Peak ADHD horse girl: Thereâ€™s a fly mask on the hook I hang my hat. I have no clue where my hat is.,0,0,0.934679,0.06532107
1020664428478382080,"MY SON GOT AUTISM AND WAS NEVER VACCINATED! HOW DID THAT HAPPEN???  My son has NEVER had a vaccine in his life, however, there is a current (&amp; future!) generation of children guarded from vaccine injury by very... https://t.co/MXKcR3WYVa",1,1,0.16726509,0.83273494
1265038659834859524,"my 5yr old is autistic, does she stess me out? HELL YEAH, but to see a mother kill her precious child makes me sick to my fucking stomach,you couldâ€™ve gave him away, someone wouldâ€™ve loved him and tolerated everything that came with him, I hope she suffers a slow painful death â€¼ï¸ https://t.co/MAaEYvny1Q",1,0,0.6497669,0.3502331
1303459209200181256,Police Shot a 13-Year-Old Boy With Autism After His Mother Called 911 https://t.co/lQ0JUTCSAw,0,0,0.93559873,0.064401254
1374484888229834753,"As a kid with chronic asthma and neglectful parents, I hated attendance awards. And now attendance effects grades too. Attendance awards are one of the reasons why mothers send their sick children to school bc itâ€™s â€œnot seriousâ€ and those kids end up infecting kids like me. https://t.co/J1Q6N2Xb55",0,0,0.7858792,0.21412078
1075145009601658881,this is actually great for kids like my son because he is delayed in speech and pictures help SO much when deciding what to eat. https://t.co/CSZTfEpA11,1,1,0.08632227,0.91367775
1302495955586035713,"@fbombmomma Exactly! ""Causes autism"" ""slow development"" etc etc etccccc. My girl was born almost a month early and she is such a smart little girl â£ï¸",0,0,0.9333568,0.06664315
1495794101073158149,My client son is autistic &amp; she said he works . I said â€œ is working his choice or yâ€™all make him work to have his own money â€œ ğŸ˜‚ğŸ˜‚ğŸ˜‚ I did not mean to say that but she annoys me bad,0,0,0.9067206,0.0932794
1115515576573747201,"5yo recently got discharged from SALT due to a speech delay. Singing has always alluded her a bit, too many words to say in quick succession I think. I've never heard her sing a nursery rhyme. Watching her enjoying learning the words to Shotgun by @george_ezra has melted me.",1,1,0.081555575,0.91844445
1437895303697424392,@AmyJ_N4 Thank goodness it didnâ€™t go through a major artery or blood vessel. He could of been in serous trouble. Iâ€™m lucky to live by a childrenâ€™s hospital Iâ€™ve given my daughter piggy back in the snow when she had asthma attacks in the past due to lack of ambulances thatâ€™s before Covid,1,0,0.63973165,0.3602683
1454400877486301190,My own family not even wanting to meet because of my daughter. Sheâ€™s fucking autistic wtf! ğŸ˜¡,1,0,0.64616853,0.35383147
1187118657274552321,I seen such a sad video of this autistic 12 year old boy.,0,0,0.9332741,0.06672597
1367655101607903235,"my eldest child (who is autistic) just told me they hope my surgery goes ok and patted my head and hugged me and thatâ€™s probably the most affection iâ€™ve gotten from them in months.   this means iâ€™m dying, right?",1,0,0.87361157,0.12638842
1239235950372368384,Iâ€™ve been hospitalized many times due to asthma complications as a child/teen. I am #HighRiskCovid19. Itâ€™s not just the elderly. My life matters too.,0,1,0.25916752,0.74083245
946571570868379648,"@2011teenagemom I did shortly after my daughter's 2nd birthday, because I felt it was causing a huge delay in her speech. Home girl was ATTACHED to that thing ğŸ˜£ her speech completely transformed in the following couple of weeks!",0,1,0.122402966,0.87759703
1404021947109941254,I knew ONE of my kids would get asthma ... It runs BAD in davids family and my poor Natalie has had it SO bad since she was 6 months gotten worse around 10/11 months and they already assume she will have to have a pump by 5yrs old...,1,1,0.32051468,0.6794853
1258569434081476609,@MeganKSuter I knew this little girl. I saw the life leave her. Sheâ€™s now severely autistic. Loves babies but canâ€™t go near them because she stems when she is excited and hits. Sheâ€™s a shell of the little girl that she was so I started asking questions. I could not find the science.,0,0,0.93127626,0.06872374
1303417675549421568,This is why you shouldnâ€™t call police during crisis. His mother called for help with getting her autistic son into treatment and they shot him and then cuffed him... https://t.co/Z0ENtnDZYo,0,0,0.93170387,0.06829607
1134106935593197573,"After two months of speech therapy and exercises at home, my sweet speech-delayed toddler has over 40 words and a huge receptive vocabulary. It's so great to be able to communicate with her ğŸ¥°",1,1,0.07930706,0.9206929
1119044448921575424,"@katieegagnon Thatâ€™s a uneducated statement. My brother is 11 years old and was diagnosed with autism when he was 2 or 3, heâ€™s brilliant. Youâ€™ll hear comments like this, but please disregard them. Your son is made the way God intended him to be. Perfect.",0,0,0.83678275,0.16321725
271229921827885056,Asthma is such a generic thing ugh my Gma has it my ma my sis my cousin me and now my baby it isn't no joke tho,1,0,0.90748817,0.09251182
1237845542887030785,I hope my baby doesnâ€™t have asthma...,0,0,0.8753901,0.12460988
1013910895578288135,This is absolutely wonderful! I have a son with autism and this stuff just warms my heart so much! https://t.co/xci7UpKOH6,1,1,0.21640252,0.7835975
1288530393747148801,Me: *tells a joke* Kid with asthma: â€œLMAOO I CANT BREATHEğŸ˜­â€ Me: https://t.co/enz5h8fGR4,0,0,0.93500495,0.06499508
1116608881923219456,@CriticalRole @CritRoleFanClub does anyone know the harp tabs for the VM theme song? My 16yr old autistic son is trying to learn it on the harmonica to play in game (bards man) and to his 2 year old sister (because she's a future d&amp;der) none of the ones he's seen sounds right.,1,0,0.7269435,0.27305657
1238455961293139968,"I spent the night teaching the boys the ""elbow bump"". We spent so much time teaching my 9yo (who is autistic) social niceties like hand shaking, high fives, and gentle hugs for friends. He especially loves hugs :-( This is hard on him.",1,1,0.11613754,0.8838625
1294981361401462786,@Supernova_tash Girl I had someone kept sending me messages about autism and vaccinations knowing that I vaccinate my boys. Iâ€™m like are you dumb?,0,0,0.9355962,0.06440379
1475737756403916800,This. Is. Everything. My nonverbal toddler stuck in this shity situation. Thatâ€™s what is not fair. Cant even have play dates without the fear of people not giving a shit and still going out sick and then itâ€™s my child who is in the hospital for someone elseâ€™s lack of common sense https://t.co/4zTBQuT1ZB,1,1,0.18225878,0.8177412
1205403828641816576,"@MollieeDalee I wasn't talking about me having a baby. If i had an asthma attack and was admitted to hospital itd be costly, my uncle has already had to pay for his chemo on the NHS as part of the nhs has already been sold x",0,0,0.79944193,0.20055811
1288597189409648640,@noturrmother Yes exactly my thoughts ğŸ˜¤ I have a son and brother w ASD I would beat this womanâ€™s ass if my brother was posted on social media like this. Disgusting behavior,1,0,0.9355761,0.06442393
1325780380130086913,Having a kid with asthma is the worst. My little baby be going through it.,1,1,0.08574764,0.91425234
1330675765017501704,"@TrulyTafakari Going to look into this! My son (he just turned 2) has delayed speech &amp; weâ€™ve been trying to figure out a way for us all to communicate. Because of the virus, we decided against speech therapy for now. But heâ€™s very expressive with his hands. I think this would be great for himğŸ–¤",1,1,0.081487276,0.91851276
436602335670697984,I never thought being hit and kicked by a 5 year old with autism would hurt so bad ğŸ˜­,0,0,0.9338087,0.066191286
1080789605337759746,Asthma is no joke &amp; I do my best to try and protect my son. Hopefully the extra boost in @zarbees immune multi will do the trick!,1,1,0.1509732,0.8490268
1283822856707637248,"Next week is going to be crazy. Feeding therapy on Mon, autism evaluation on Wed, speech on Thurs, and then developmental evaluation on Fri. My baby boy will not go without!",0,1,0.1351192,0.8648808
1404984398353739778,That Black man killed his 9yr old autistic daughter who could not speak.. with a hatchetâ€¦  Fire squad his assâ€¦ a slow fire squad.. I want them to shoot him one by one in different areas of his body n wait 30 secs in between shots .. I want it to be as painful as possible,0,0,0.9151593,0.08484071
1479257559412396043,@Theresa_English It's obscene. I remember taking my brother to CHEO for his asthma as a little kid &amp; seeing tobogganing triage in the ER there. Its obscene they spend their days handing out parking tickets while children are critically injured/killed cause their parents don't get it.,0,0,0.9334346,0.0665654
1132745947774103554,"@catturd2 I was told 2 of my sons (because toxic masculinity) needed medical attention for ADHD (aka: childhood) I ignored them.  A+ students/all star athletes now.  Notice; more liberal the parent, more medicated the child.Vicarious Xanax.They can't handle anything so they drug reality.",0,0,0.8810924,0.118907586
1237018001766899712,@thatniggalong69 @RioMoussallem And BTW are u forgetting this summer pediatrician in Italy treated OUR daughter better than the ones here? @ the pulmonary specialist? Bc they were prescribing her dosages of albuterol that she didnâ€™t need bc she doesnâ€™t have ASTHMA. And that was an Italian doc that told us.,0,0,0.92524725,0.074752726
1265345780505808897,My brother has autism and though extremely frustrating at times there is no excuse for this ğŸ¥º hope they fry this mf in the chair smh that baby aint deserve that https://t.co/Pbj2KKRRRa,0,0,0.9353432,0.06465675
1471456104223846403,My baby might have Asthma thoughğŸ¥ºğŸ¥ºğŸ’”ğŸ’”,0,1,0.25141314,0.74858683
1480165905892052998,@Tesco please tell me you are not discontinuing the Fred &amp; flow size 7+ pull ups? ğŸ˜© the last week or so weâ€™ve been unable to find any. My 2 year old is non verbal &amp; autistic. Everything is routine and familiarity. Itâ€™s going to be impossible to change make etc ğŸ˜©,1,1,0.35884416,0.64115584
1245339127547035651,"@DhotyaShield She loves a good cuddle, kisses and smushes. Which is good really cos my ASD 2.5 y/o likes fist bumping her face &amp; my 15 m/o likes putting her in really aggressive cuddles aka headlocks.",1,0,0.7388479,0.2611521
1287235200129392640,@Tricey_J_ My son daddy drink that for his asthma ğŸ˜‚,0,1,0.099647686,0.90035236
1467380074139820032,@kadensmom4ever My son needed speech therapy and for now it appears to be the extent. His speech therapist has said some of the behaviors I asked about are a result of him having trouble verbalizing needs and when heâ€™s older weâ€™d re evaluate if testing for autism is needed.,1,1,0.169255,0.830745
1479642870462263301,@KweenJosie We got one through insurance years ago when a kid had RSV. That was scary enough. Iâ€™m sure youâ€™re stressing over asthma on top of her being sick! Weâ€™ve all taken turns with the neb. Husband has allergies. Me for bronchitis. They are so handy. Itâ€™s paid for itself. Feel better!,0,0,0.8593711,0.14062887
1266091428922433537,My 8YO has #autism he is always hiding his socks around the house and about a year ago started to hide apple cores and crisp packets (flatly refuses to put them in the bin without a meltdown) the last couple of months his been wiping his snot all over walls. Iâ€™ve tried everything,1,1,0.11533676,0.8846633
1427452530427011080,"@Silurker @verminhands @VaushV Is this why nyquil makes my husband fucking WIRED? He was diagnosed with adhd as a kid but his mom didn't ""believe in it"" so he went untreated for a really long time.",0,0,0.9327383,0.067261696
1141091230274805760,Grand Falls mother of girl with autism pleads for school assistance https://t.co/rfajZBQzsk,0,0,0.9352988,0.06470123
1146503221965283328,@shark_reef As parents to an autistic child it's hard finding activities on vacations that are considerate to our circumstances. I'm sure we will be visiting all week as Hazel is obsessed with the fish! Thank you for your hospitality and thoughtfulness. https://t.co/Zxa06VeNIp,1,1,0.464941,0.53505903
1231024331779604480,Fr I remember when my school was on the news after I graduated because some one decided to stab a autistic kid that was minding his own business. We need to do better. https://t.co/TTUm0Dnapw,0,0,0.9195409,0.08045919
1087125718121807873,Asthma is trasssshhhh.....my son is really going through it right now,1,1,0.10272899,0.897271
1254815028131311616,"I had an English teacher that called me out saying â€œYou need to go see a doctor, you have ADHD. Youâ€™re a troubled kid. You can never focus and youâ€™re way too much.â€ She also did this in front of other kids. BUT, I really did have severe ADHD and was able to be diagnosed. ğŸ¤·ğŸ»â€â™€ï¸ https://t.co/Cr3DJadbhq",0,0,0.9336417,0.0663583
1054799050413883397,"â€œMy child could get autism from these vaccines!!â€  Before I state the facts can I just express how insanely selfish it is that you would rather your child die, and kill other children, than have Autism? Anyway.. the stance against vaccines causing autism is literally linked...",0,0,0.9349478,0.06505214
1254764106994921472,@FeralPeafowl Very rude cause I was Avery as a kid. Always liked â€œfancyâ€ food and had never had add  hot water and stir ramen until college. It was an experience. ğŸ˜©,0,0,0.9123626,0.08763743
1397565435285999617,"I donâ€™t understand why Speech delay and Speech therapy for centers kids arenâ€™t covered @FLBlue  insurance premiums , copays and deductibles are expensive already and not having those covered just doesnâ€™t make sense. I hope healthcare coverage gets better. ğŸ¤ğŸ¼",1,0,0.6829638,0.31703615
1041857069807099904,@thebrianapaige my mom had cancer my son broke his leg the other apparently has asmtha i have to have surgery and home depot sucks,1,0,0.84459466,0.15540537
1489699294282141698,@chanel_ndc Also consodering this for my autistic son . Not sure what to do . He also has epilepsy lesrning difficulties adhd and dypraxia . He had covid over xmas and didnt have symptoms . Hes 11 â€¦ 12 next month . Its a hard decision isnt it .have you thought what you will do ? X,1,1,0.13569482,0.86430514
1039030021048938496,@ALeadingAce //Agreed. I find the vaccines cause autism thing especially offensive. Mostly because it implies people with autism donâ€™t or canâ€™t have normal lives. Also if ya live in a society with other people you gotta think about them. Your kid ainâ€™t the only kid out there.,0,0,0.93433094,0.06566906
1344774441990025216,My manâ€™s daughter has severe autism and Iâ€™m just trying to adjust because she is a handful I salute anyone who has a child with special needs,0,0,0.8334209,0.1665791
1240601744960258050,"they're both on a cocktail of daily medication and are terrified of leaving the house. I feel helpless. I'm going to try get some shopping for her today, but I'm also on a low income and have a toddler with asthma. My anxiety has never been worse.",1,1,0.16410476,0.83589524
1432325428258148358,My son getting a cold &amp; that ainâ€™t gon do nothing but trigger his asthma fmlğŸ˜©,1,1,0.11169007,0.8883099
1047446626003013632,I know this girl with autism isnâ€™t listening to bruk off mi backğŸ˜©,0,0,0.93475276,0.06524724
1486823114390458368,"@njmkwilson my middle kid is doing a trial of asthma meds, she has coughed painlessly on and off for like the past 2 years and of course it freaks everyone out now. she is the one who shat blood due to unknown allergy and ended up on the putrid hypoallergenic formula so that makes sense",1,1,0.24162921,0.7583708
1348427814710571010,"As an overweight, asthmatic child I knew I'd never be able to make it far enough in the temple to assemble the silver monkey, even though I knew the trick. I have similar doubts for myself as a pregnant lady approaching my third trimester. https://t.co/rJbwpxDjST",0,0,0.8337624,0.1662376
1409925069594402817,I personally feel children should not be diagnosed with ADHD Bcs how do you tell a child theyâ€™re over active I justâ€¦â€¦idk,0,0,0.9355914,0.06440862
1436025346848133124,"A student was mad about assigned seats &amp; masking rules bc of covid. I explained to him his actions could effect others like my daughter who is too young to be vaccinated, canâ€™t speak yet, &amp; has two asthmatic parents (apple &amp; tree &amp; all that).   He then agreed it was a good idea.",0,0,0.8676363,0.13236374
1263888176181059590,@ZacharyWhitten None because my daughter has been hospitalized twice this year for asthma exacerbations. We are staying the course,1,1,0.0886231,0.9113769
1433854204196569097,@LharaMullins Took my 3yo to the dentist and was explaining she was recently diagnosed ASD &amp; I was nervous how she would do &amp; he says â€œok so what? she has a little bit of autismâ€,1,0,0.93257904,0.067420974
1263208971416088576,@JHowardActor This makes me so sad :( as someone who comes from the midlands to London around once a month for theatre. My eldest daughter saw her first west end show age 4 (her second ever being CC) and my youngest (autistic) is due to see her first west end show in December!,1,1,0.17082943,0.82917064
1216731640959053824,@EmeraldRuby39 I would have overwhelmed you with a million questions about your experiences and coping mechanisms and if you have advice for parents navigating the teen years. My son is autistic and heâ€™s taken me on quite a journey these past 17 years!,1,1,0.08563689,0.91436315
1005565084482056193,@OMGgemma @Wonderful_U The comments I've seen made me feel physically sick. Such a damaging view to have. Like autism is that bad you'd rather your child die? Or someone else die because of your decision not to vaccinate? Nope. Not OK.,0,0,0.9350687,0.0649313
1242671267343249408,"@sadeziegler_ So heâ€™s supposed to look at orders this month/next month and then once he sees whatâ€™s open to him, then he can choose where he wants to go. Weâ€™re very limited on where we can go to for him with the Navy since our son has autism. They only allow us to live in 5 states.",1,1,0.107081585,0.89291847
1005471094302756865,@danabadala @ChloeMorello They have all these beliefs and shit and thatâ€™s why they donâ€™t want to basically following trends my sister did it bc she believes her son has autism bc of it I told her I have 2 kids who are finely vaccinated and Iâ€™m 6.5 months and getting him vaccinated as well.,0,0,0.93157464,0.06842541
1200566890420150272,This girl really said sheâ€™d rather her kid be autistic than catch the measles and I just... https://t.co/eRXtcfmqUK,0,0,0.9355379,0.06446207
1066438947981545472,"My 2 yo son was born with a medical condition that included a cleft palate. As a result, he has a speech delay. In the last 2 days he has started saying â€œhi mama!â€ Every time he sees me, and I donâ€™t have the words to express how much joy and pride those two little words bring me.",1,1,0.08277359,0.91722643
1080925880099180544,I liked a @YouTube video https://t.co/BQi97WfKkT Alia backpack as autistic child sensory items,0,0,0.9355459,0.06445407
1187895110098472960,"If you tell me youâ€™re an anti vaxxer, I automatically donâ€™t want to talk to you. Letâ€™s just all go back to the times where people lived to be in their 30s or 40s because youâ€™re afraid a flu shot will give your child autism. Please sit the fuck back and reevaluate your priorities",0,0,0.9320318,0.06796812
1464996012997632006,All quality design starts with a brief based on user needs. Good design provides elegant working solutions. I love this so much. Nine-year-old boy creates app to help his brother with autism | ITV News https://t.co/sgo8UKrCEO,0,0,0.9075066,0.09249344
1490962549898051584,Teaching your kid who has speech delay that they can have something if they ask for it is a terrible idea. Ice cream for breakfast lunch and dinner here.  *disclaimer; I am not actually giving him ice cream for breakfast,0,1,0.08363443,0.9163655
1065522827384643585,"@JonahsMommy_ They are sick....I have took a child with ADHD , Autism, Sick, teething and fussy babies.....I always only ever had patience for babies and toddlers, so all Iâ€™m saying is if you need anyone I got you.",0,0,0.9045754,0.09542458
1141239781550149632,@Favored_Sir ADHD ash and Iâ€™m dead ğŸ’€ğŸ’€ğŸ’€bald headed girl,0,0,0.9354491,0.06455088
975891304688357376,"Also if youâ€™d like some actual science based info on autism, vaccines or any other kiddo illness, hit up your neighborhood baby nurse, I gotchu",0,0,0.9357151,0.064284876
1105499791977439232,imagine not wanting you kid to be autistic so bad that you believe unproven data &amp; refuse to get your kid vaccinated. even if it were true iâ€™d rather have my kid alive and autistic than dead from a disease that couldâ€™ve been prevented.,0,0,0.93498826,0.06501178
1144977303937720327,"@Rhager1983 Awe girl, I know thereâ€™s a struggle there. My youngest still has yet to be tested but all the doctors are sure he has adhd.",1,0,0.7201002,0.2798998
1021302832400617472,My moms cat as asthma and half the time i think itâ€™s my kid having trouble breathing,0,0,0.69832176,0.3016783
1293757124191948800,"@Sarahkitty2t10 @ImpoliteFemale @iwantchips1 @Bromwyn76 @DoreenW1404 @JaniceCole89 @TellTheTroooth @ariana_erbon @GothPrincess21 @HUMANBEINGONE @jungle50684737 @AdiDeegee @EllaRose_898 @Mermaids_Gender Not what the pediatric academy says...https://t.co/7W9pZwCulG Just admit it. You'd rather a dead kid that's assumed cis than a thriving trans one. Like an anti vaxer choosing pox over autism.  Also, skulls, really? Aren't we past phrenology? Not to mention cremation is popular...",0,0,0.9308733,0.06912673
1440425207223578643,"@RyanHendry94 This is what drives me nuts about reevaluations for receiving sup. services in schools. They aren't gonna suddenly be not autistic. If they are improving, our services are working. It's like a hovering blow to some families that services might stop if their kid isn't ""bad"" enough",0,0,0.9097338,0.09026619
1265294418342535175,"Yâ€™all there are really people out here saying they understand how someone with an autistic child , a â€œburdenâ€ could reach their breaking point. There are people justifying this woman! Can you believe the world we live in? Disgusting ğŸ¤¢ https://t.co/FhYcB0tGTm",0,0,0.93418974,0.065810315
1372616398053212176,"@realmamivee Yes this is normal, my daughter is turning 4 and didnâ€™t start talking until she was a little past 2years old and sheâ€™s doing fine now she is very smart and thriving. Every child is different, her dr would worry she was autistic but tests were done and she is fine!",0,1,0.3413177,0.6586823
1250450717321691137,About to jump on a Web X E-Learning with my kindergartener and Iâ€™m so unfocused. Itâ€™s like being a kid again with ADHD https://t.co/um0SbNqMMa,0,0,0.800654,0.199346
1357769099443585026,"@MattWalshBlog Sadly, parents medicate their children for ADHD. I once nannied for a woman who did so because her son wouldnâ€™t sit still and pay attention to math in school.  I was pretty sure her 7 yr old was suffering from being a 7 yr old. He preferred running around outside like a maniac.",0,0,0.9222157,0.07778424
1422267762047688713,i have honestly been face to face w/ covid plenty times but never got it and i cannot thank god enough â—ï¸ my baby got asthma and i definitely donâ€™t wanna bring that back home to himâ—ï¸,1,1,0.36505425,0.6349458
1299161261716971526,@piccmeeprizes My 5 yr old who is autistic just yelled its #CreepyCash when you did that laugh and now is just say creepycash me creepycash me lol #PiccMeeVertagear #PiccMeePrizeCult,1,1,0.15595184,0.84404814
1239581378011938816,"Am I over reacting or are some of you being selfish? My child has severe asthma. I have ridden in the back of an ambulance praying that she will catch her breath again.  Coronavirus might not be a threat to you, but it would be for her. Please stay home.",1,0,0.7337915,0.26620856
1032127684342505473,Why We Chose Medicinal Cannabis to Treat Our Teen Son with Autism https://t.co/cQGEpvBxwR via @@sensoryf,0,0,0.9353543,0.06464574
1110593128623468544,this kid in my class deadass gets picked on everyday by adults and he clearly has Aspergers or autism...wtf is wrong w people,0,0,0.87743634,0.12256367
1243495386720894977,"@Autism @thismorning @MrsCMcGuinness @DaisyandOllieUK I have a son who has ADHD &amp; nothing is mentioned about other special needs, this is also affecting kid's with other hidden disabilities too please do talks about them children too, we know so much about autism but nothing on other hidden disability like ADHD, ADD &amp; ODD ğŸ¤·ğŸ¼â€â™€ï¸",1,0,0.7330267,0.26697335
961425354626920448,Is it possible for a baby to develop ADHD in the womb? Because whoa! This one never rests. I get woken up at the most inconvenient timesğŸ˜©,0,0,0.9042746,0.0957254
1236288466415226885,"@AllisonRFloyd @RexChapman Yes, I'm not keen on this very touching event being used as inspiration porn because she's autistic. Can't we just say what a sweet guy he is letting a little girl show off her toy dog?!",0,0,0.9351157,0.064884275
1423814615100653572,"I donâ€™t understand what is going on with the rent prices in this country! Iâ€™m desperate to find an apartment or house for my 2 year old autistic son and I to rent. I donâ€™t have the credit or down payment to buy but rent for a 2 bedroom apartment is like $2,000 a month!!!",1,1,0.33494827,0.66505176
1461274923016593410,"@That1teddygirl Girl, I keep forgetting you're not diagnosed as autistic, I have an MSc in psychology, go get assessed man ğŸ˜…",0,0,0.9352157,0.064784355
1193324231226011648,@fitserbmomma @kharyp I think the child has asthma.,0,0,0.8575044,0.14249557
1379533737436844037,"@crazykarens My daughter tried wearing a ""Vaccines Cause Autism"" shirt. She was insulted, punched and spit on, and that was all before she left the house.",0,0,0.9139836,0.08601644
1395677339426635781,'My five-year-old autistic daughter was left traumatised by the riots outside our door' https://t.co/K1whRcn5vd https://t.co/EzgDgDnNqE,0,0,0.93457794,0.06542203
1028621520715821057,"@HoesWnt_MOORE Naa my nephews have it. I was more so praying that his allergies arent as bad as mine but i dont want him to have asthma either... Allergies im my family are terrible i have the worst out of my Moms kid but my niece got me beat, or we might be tied ğŸ¤·ğŸ½â€â™€ï¸",0,0,0.91305053,0.0869495
1397247042037161988,@nwi This broke my heart. My 4yr old has autism too. I prayed everyday for you. May you Rest In Peace Kyrin. Praying for your familyğŸ™â¤ï¸,1,1,0.08960069,0.9103993
1252748315801747456,"@JeffreeStar You probably wonâ€™t see this. I probably seem annoying with how much Iâ€™ve posted this. My family and I need help. I have an 8 month old baby girl, 8 year old boy that was newly diagnosed with autism, 12 year old step son with autism. â¤ï¸please help $mamamoon28 https://t.co/sQxlkmhxyQ",1,0,0.7807426,0.21925741
994778624845901825,@TheGreatSimba_ @swok_colby I'm all about manners. But I appreciate you saying this because my son is autistic.,1,0,0.6678099,0.33219013
1240335580090839042,@itssavannahhi @theghettolawyer @lohom0ra @exe_rae_exe @tanamongeau I was like ....girl thereâ€™s so much worse things they could be doing that shit does not hurt lol. I understand she has anxieties around it but that was just dramatic af. I hope she takes her illness seriously bc people really do die from asthma.,0,0,0.9332912,0.06670884
1031212987141578758,One of the regulars at work is this autistic guy who comes in w his mom and he usually has this big box of toys he brings with him and today one of the ones on top was one of my favorite veloviraotor action figures I had as a kid. I was like OwO... Nice...,0,0,0.7674242,0.23257577
1036052466838773761,my daughter teething running a fever &amp; her asthma fuckin up ğŸ˜­ğŸ˜©,1,1,0.08548069,0.91451937
1445055483782459392,@xoxoayannaa Girl I watched a bunch of videos on TikTok about adhd and I'm convinced I never had anxiety I just had adhd the whole time ğŸ’€ğŸ˜­,0,0,0.9356222,0.064377815
1259934024325386240,"@MbernadetteE My homeschooler kid has ADHD.  I mean that it exists because lack of recess,  no. Could lack of recess make it worse maybe.  But not all the time.",1,0,0.57003736,0.4299627
1100538273536061440,"@josievs It's either that or ""they give my kid autism"" smfh",0,0,0.93483114,0.06516884
671320283811151872,There must be a reason why our child is a late speaker. You will not be able to take it when he speaks. Allah knows best.,1,0,0.64020413,0.35979587
1284545929241133056,I have just discovered that my 5-year-old with an astigmatism and ASD has been wearing glasses with the prescription inverted â€” the right eye has had the left eye prescription and vice-versa. FOR 7 MONTHS. I am so furious.,1,0,0.7266865,0.2733135
1319127330166435840,The amount of times I have to remind PEOPLE that my son being Autistic doesnâ€™t mean heâ€™s broken is INSANE. Do NOT feel bad for us. My kid is awesome and cooler than most stupid ass adults. And doesnâ€™t judge people based on their brain chemistry.,1,1,0.2420988,0.7579012
1344931821126098946,"Asthmatic moms: Is that a baby cry, dog growl, or just my wheezing? ğŸ¤¨#asthma",0,0,0.9281683,0.07183165
1234646629875097600,@lauryn_breezy my son has autism and i hope he meets a friend like you in the future ğŸ’•,1,0,0.8933221,0.10667791
1011747007659237376,"Ummm I think in my opinion if ppl rly believed that, then itâ€™s a fear of just not wanting ur child to go thru the struggle of having autism... as a mother thatâ€™s how Iâ€™d feel... granted Iâ€™m not dumb enough to believe that https://t.co/kgEA5upOep",0,0,0.93484986,0.065150134
1008705820098359297,VACCINATE YOUR KIDS. I almost died of pertussis as a baby thanks to anti-vaccination movements. Youâ€™re not preventing autism; youâ€™re killing kids. Stop it. https://t.co/Gr0tJLx5hs,0,0,0.93422467,0.06577534
1315557564856360961,@upthetwerx By brother has been autistic since he was small child and doctors said he was just hyper active. So he was diagnosed with ADHD. My mom didnâ€™t find out he was autistic until he was 22. Hes 24 now. Itâ€™s frustrating to say the least. She only tested him because someone mentioned it.,0,0,0.93342716,0.06657286
1189665662064582656,"If a child is non verbal through autism a parent could simply say â€œtheyâ€™re non verbalâ€ rather than giving them a blue bucket and letting everyone know itâ€™s a vulnerable child, itâ€™s so unsafe.",0,0,0.92740715,0.07259288
1306615539494723584,"All Iâ€™m sayin is... if I could handle two non verbal twins with autism, I think I can handle pretty much anything ğŸ˜¬",1,0,0.93503743,0.0649626
1429113301988827139,"ADHD hubs: ""I will organize our baby blessing"" Me: https://t.co/JVzVYBFGIC",0,0,0.93510664,0.06489334
1240285619500220416,"@winterising11 SHE may be fine but the 80 year old down the street wonâ€™t be, the kid fighting leukemia wonâ€™t be, the teenager with crippling asthma wonâ€™t be. Itâ€™s not just about her. Itâ€™s protecting the unprotected. No compassion or understanding in these people. My raising doesnâ€™t allow that",0,0,0.77815723,0.22184283
1068186191567249408,Jenni Farley: Donâ€™t You DARE Use My Autistic Son for Clickbait!!! https://t.co/JFyYIOrt1F,0,0,0.9354442,0.06455583
999020213394812928,"@armussoo I was drinking soda, coffee, energy drinks (not regularly like how I do now) and all that shit. Everyone told me my baby was going to come out with ADD or ADHD and heâ€™s actually the most focused baby Iâ€™ve ever seen so ğŸ¤·ğŸ»â€â™€ï¸ people are just assholes",0,0,0.93329066,0.066709325
1013851389963927553,"An NCT friend recently put this into perspective (not that Iâ€™d ever query vaccinating my children, I had MMR ffs!) Wouldnâ€™t you rather your child was alive and possibly autistic, than dead??? ğŸ¤¦ğŸ½â€â™€ï¸ https://t.co/xcZbwBVEtX",0,0,0.9356381,0.06436182
1016324375501557760,"I opened the fridge and I said Parker do you want some juice? And my nonverbal toddler responded and said â€œno, Gatorade.â€ Oh ok ğŸ˜‚ğŸ˜‚ğŸ˜‚ sure you can have whatever you want if you say it lmao",1,0,0.92984533,0.07015471
1012331251246747649,â€œSo youâ€™d rather have a dead baby than an autistic oneâ€ NO BITCH BUT If one can be prevented than Godspeed. I brought a healthy baby into this work and sheâ€™s gonna stay that way ğŸ˜†ğŸ˜›,0,0,0.9153233,0.0846767
1465007177651871747,"@elisekumar Oh, and my younger son (also autistic), learned what â€˜yo mamaâ€™ jokes are earlier this year (heâ€™s 10), and tried to tell oneâ€¦ to his brother. Who just stared at him and said, â€œSam. We have. The same. Mother.â€",1,0,0.9005885,0.099411495
506187111415156737,If you're a parent who has witnessed your child regress into autism because of vaccines help get the word out by... http://t.co/l6Y3ah0bz5,0,0,0.93489677,0.06510322
967652065051803648,@InspiredPrayers Cathy  I'm gonna go to sleep till 4:30 am. But posting on Instagram not here by Alex made me feel like everyone find out same time. Never heard of 2 beta test I been through ivf. Had my feet eggs given to someone least I have my 29 yr  daughter &amp; Autistic son https://t.co/YZHAqoG8M1,1,1,0.26156706,0.73843294
948355626668908544,@Reedsyroo @SayBlade @SenSanders @docdanielle See thatâ€™s the issue right there. Even a year is too long for a child with severe adhd. My child is gifted as well. His perfectionist nature struggled against the adhd and he ended up depressed and talking abt dying at 6! I had him getting proper out patient care within two weeks,1,1,0.23312761,0.76687235
1116596815107895296,The mother of a 15-year-old boy born with autism is determined to end the stigma around the condition in South Africa. https://t.co/wzuM4vyusf,0,0,0.9354176,0.064582385
1101126333244030979,My 4yo has the first five commandments and their meanings memorized. My 2yo was mostly non-verbal for his first two years but now says simple prayers. My 1yo babbles along to the Creed and reaches for icons during devotions. But please tell me how little ones can't have faith.,1,1,0.09356246,0.9064375
1324530932385222658,"@itsmeheythere As someone who struggled and still struggles with adhd this warmed my heart, I canâ€™t imagine what a relief it is for her ğŸ˜­ğŸ˜­ğŸ˜­ as kid it was so hard for me before I was medicated, I couldnâ€™t get anything done or just even function properly",0,0,0.82971567,0.17028432
1017200518660157440,@tayygib @leaaclay @hannnhill Wow that would be annoying lol I took Clayton a couple of months ago to Holmes because he couldnâ€™t catch his breath and they admitted him and said they thought it was pneumonia but it was just baby Asthma ğŸ˜¶,1,0,0.93196833,0.06803165
1074093651951788032,I make this girl laugh so much she needs her astma pump ğŸ˜­,0,0,0.92322737,0.0767727
1153928244405710849,"@CFOperations @TalismanSabre I have respect for thr Australian, Japanese and New Zealand military but some of the scenarios coming from the US seem like they drafted by an autistic, mentally retarded 6 year old who overdosed on cocaine and heroine.  Just an FYI and hopefully a PSA if not yet noticed.",0,0,0.9336457,0.06635428
1265983972934324225,This is my worse fear ğŸ¥º My son is black &amp; on top of that heâ€™s autistic ğŸ˜­ God please cover him when I canâ€™t protect him ğŸ™ğŸ¾ https://t.co/h9dzXBJnXT,1,1,0.10995304,0.89004695
1463056198836568066,"6 yr old son possibly has asthma. I asked for a GP appointment for him to be examined, was told to do peak flow test at home and report results back to GP. What next? DIY medicine?  #GPsGoBackToWork",0,1,0.22299062,0.77700937
1273005505083031552,"@lilspice666 @0ilvla @alienslurpeee @cozyyvlone i drank heavily before finding out that i was pregnant at 6 weeks (hello, i was 21) and my baby is a bright, advanced baby. autism is a genetic predisposition and isnâ€™t cAuSeD by anything bb. donâ€™t spread misinformation. âœ¨",0,0,0.9325021,0.06749786
1033113113422221312,@ProjectWeHOPE Hi. Can you please refer me to a place that will take a mom &amp; her twin autistic boys? She's down to her last night at a motel and hasn't been able to find a place to go yet. St Vincent de Paul won't be open until Wednesday to find out if they can help. #santaclara,0,0,0.85362273,0.14637728
1138506098657374215,"@Hollidai_ Some kids have speech delays ,impediment etc so weather the moms goes out or not ainâ€™t gonna completely change the fact they canâ€™t talk is where I was going with that lol",0,1,0.103765525,0.8962345
1391053128343109639,@yafavbluntmama Not true. I see people parading in the streets saying their freedom is being taken away and they donâ€™t want to wear a mask. Thatâ€™s not the same as a child with autism not able to wear one.   Adults are choosing to be ignorant.,0,0,0.93430763,0.06569235
1279187218633035776,@travellaney @skyla_pacheco As someone who is considerably holistic and also vaccinates my kid every time he gets vaccinated we do a detox w epsom salt and bentonite clay on his feetğŸ™‚ and vaccines definitely arenâ€™t linked to autism lol,0,0,0.75778806,0.2422119
922985209896800257,This little boy at the autism school called me Marky today I almost cried ğŸ˜©,0,0,0.8720739,0.12792614
1219750092221100035,So I realized Iâ€™ll probably learn better in an actual classroom (Iâ€™ve battled with ADD and ADHD literally forever) so this girl just enrolled in an actual college class to learn hands on and so much better/easier summer 2020 here I comeeeeee,0,0,0.93155664,0.068443336
996179580984614913,Leoâ€™s bitchass didnâ€™t tell me he had asthma as a kid and so now whenever Nicole has a cough she wheezes and uses an inhaler (which she likes lol) BUT I hate hearing her chest and back vibrate â˜¹ï¸,1,0,0.9198535,0.08014645
1241815509244547073,Day 2 of isolation for my daughter &amp; she is already losing her mind. I feel bad for her but because we have one child with chronic asthma &amp; an 18 mo old we canâ€™t let her roam freely. I would think as a college student this would be like being back in her dorm but I guess not,1,0,0.53070056,0.4692994
1178776811456667648,"My child doesn't have ADHD, he has 'retained primitive reflexes' https://t.co/kPwWiiz3st",0,0,0.9313594,0.06864061
1087400184567554049,Fleyrs Icegirl goes out of her way for my kid with autism https://t.co/2MDmF7HxBq (https://t.co/4EzOVALHag),0,0,0.93368834,0.06631162
1027786334440747008,I HAVE to brag on my favorite baby!! Heâ€™s a late talker but has taken some speech classes &amp; now heâ€™s making sentences &amp; said my name today!! He knows people understand him now &amp; he is so happy. Heâ€™s done all of this so quickly too!! also look how handsome he is ğŸ˜­ğŸ˜­â¤ï¸â¤ï¸ https://t.co/Qk8eWKsfBM,1,1,0.10830462,0.8916954
1242844590735912961,@pulte @JeffreeStar Please help ğŸ˜­ single mom to a 4 year old and due in 4 weeks with another little boy. My son has asthma so we canâ€™t leave home and I had to leave work due to the virus. ğŸ™ğŸ»ğŸ˜­,1,1,0.08462969,0.9153703
1050082881421410304,Loose Women viewers praise â€˜fantastic motherâ€™ Christine McGuinness as she opens up about her autisticÂ twins https://t.co/vgBQb1Nixm https://t.co/LwdVDb7uRw,0,0,0.93563646,0.06436355
1123144756211736576,@MENnewsdesk My oldest is asthmatic. He was admitted about 8 times before he was 2. only twice since he was given proper meds to deal with it but even now he is only 5. My daughter had sepsis when she was born (which Iâ€™m convinced was the fault of Royal Oldham Hospital) #ShitHappens,1,1,0.115221374,0.8847786
1244606366288838656,"My toddler has a speech delay. I found some cartoon versions of Eric Carle books on YouTube and heâ€™s really into The Very Quiet Cricket. At first I thought he just likes crickets, but then I listened to the story. Itâ€™s about a cricket who wants to talk but canâ€™t https://t.co/Ps9JY1Cdbr",1,1,0.10620257,0.89379746
1385206803005427712,A lot of ppl are making points about her losing her baby that was a catalyst for her tiktok tirade but she openly talks about being autistic &amp; on the spectrum &amp; I think that has a lot to do with it too. She talks about her obsessions &amp; her inability to think rationally at times https://t.co/Kc5R9OaNZa,0,0,0.9333136,0.06668641
947676377909743616,"@JustinMcElroy Even if vaccines did have a chance of leading to autism I will never understand why these people think an autistic child would be worse than a dead one, anti-vaxxers make me so ğŸ˜¤",0,0,0.9352874,0.06471261
583818533915783168,MY DAUGHTER AND SON HAVE AUTISM http://t.co/cCs2KXP21Q,0,0,0.93484235,0.06515763
1056629392808558598,"@hannahlbatt This thread was just brought to my attention. Having both a girl and a boy with new ADHD diagnoses, this makes so much sense. Thank you.",1,0,0.9120058,0.0879942
1124148829488545793,@Rambo_Rayy I been trynna fight her since 2014 she scary. Use her son for excuses. Now she so called working with kids with autism she want my nigga to pay her child support but she hiding that mfkin kidğŸ¤£ğŸ¤£ğŸ¤¦ğŸ»â€â™€ï¸,0,0,0.82152295,0.17847703
1446978707038556169,Not to mention my son is nonverbal. If he wandered off heâ€™d have no way of telling anyone anything.,1,1,0.2299143,0.7700857
1477495342341836800,"@jakecoco My 2 year old is autistic &amp; cannot handle seeing masks on people. He isnâ€™t vocal &amp; has trouble communicating so he relies on seeing peoples facial expressions. Whenever someone is in arms reach of him wearing a mask, he pulls it off their face.",1,1,0.21800971,0.7819903
1380037949950029825,@JasonIsbell I have a 6 yr old autistic little boy with severe sensory challenges and seeing this made me love you and @amandashires even more. I didnâ€™t think that was possible. Thank you both for being so MuthaFuckin righteous. ğŸ™ğŸ¼â¤ï¸ https://t.co/M96KvO4DYX,1,1,0.25727507,0.74272496
1466930845155880960,having a toddler and adhd while packing ainâ€™t it. iâ€™m literally moving from one room to the next leaving everything a mess and no packing getting done bc iâ€™m too overwhelmed and beginning to cry with the already crying toddler,0,0,0.8777468,0.1222532
1346323169066401793,@writersdelite @prisonculture Apparently a woman I went to school with purposely got it and made sure her kids got it. Including her asthmatic daughter. ğŸ¤¦ğŸ¾â€â™€ï¸ Iâ€™m just so done.,0,0,0.8961898,0.10381018
1220490718705139713,Today I got to see &amp; experience how to work with a kid who has autistic &amp; while working for him to trust us was one of the best struggle.  I give so much applause to parents that have kids that are autisticğŸ‘ğŸ½ğŸ‘ğŸ½,0,0,0.6716962,0.32830384
1400110283822088195,@blid911 @cuppymusic Being autistic is not a disease nor illness. My baby brother is also autistic and he's really cute and good looking,0,0,0.9349998,0.065000206
1187771834139328516,"i would find every last one of these kids and beat the FUCK out of them WITH my autistic son. bitch dont play with my child, AT ALL!!!! https://t.co/dfcj9IxMLt",1,1,0.26015952,0.73984045
1233938783562760192,This AKC judge was nice enough to let my daughter with autism show her dog (they require real dogs) https://t.co/NryPsH2H0Y,1,0,0.933629,0.06637102
1301238907036741632,@adamcarolla Oh and my 5 year old has asthma. Should he â€œget playedâ€ too? Eat a fart.,1,1,0.08373689,0.91626316
1479617030533705731,My kids just came home talking about this grown ass man down the street kicked them off the street cus his autistic son was trying to throw a big ass rock at Kamille. Now dk on the way there ğŸ˜…ğŸ˜…ğŸ˜…,0,0,0.7269421,0.27305794
954085041918873601,Autism: Don't say my son looks normal https://t.co/zDvTrf4KQJ @SpectrumMum_ #ablogginggoodtime,0,0,0.93381876,0.06618119
1241193478241103872,@ForgettableRN @wallabyywayy Literally happened to me today. I have an asthmatic husband and 1 year old twins that were born premature. No reassurance at all.,0,0,0.9320717,0.067928255
816895990959669248,Getting harassed on FB by a middle aged woman because I stuck up for her son with autism because his sister posts vile shit about him,0,0,0.93550116,0.06449886
1023568997265096709,"Black girls are mean especially to ppl with disabilities, weâ€™ve all seen it and her son is autistic https://t.co/HX5vQc9np5",0,0,0.9278155,0.072184496
1491460345814155264,@chris_alcantar1 @benpadnos @KTLA The little kids do though- and Iâ€™ve seen speech delays in the youngest students. Schools need to take masks off elementary age kids now,0,1,0.20357995,0.79642004
1384143264199020550,@onetiredmama98 Can you send me the link! My cousins 6 year old has autism and they also lock the fridge for the same reasons. He figured out the most recent lock and sheâ€™s searching for a better alternative,0,0,0.9338309,0.06616903
1257932323900645376,"@siridh1056 @matthewdmarsden @AdamBaldwin I have a newborn baby, a husband with asthma. I am not willing to take that risk.",0,0,0.8698045,0.13019548
1017760251938996225,"My partnerâ€™s son has autism, and I want to learn as much as I can about it. Can anyone recommend good books/websites to start with? #autism #AutismAwareness #autismhelp #autismbooks Thanks ğŸ˜",0,0,0.8860592,0.113940746
1348665991291670531,@jinseiwastep @BBCNews My son is autistic and needs to see my face to communicate and to alleviate his anxiety. I'm his full time carer. What the f are you on about?!,1,1,0.08736236,0.9126376
1274178828349382656,"@actualadultJD @ouyasumi29 One random thing that happened: I'm white and that weird anti-shuake girl assumed I was black because I told her her autism wasn't an excuse to be racist.  The tweet is deleted sadly, sigh. Her assuming my race because I told her not to be racist says A LOT about her.",0,0,0.93565077,0.06434925
1479160193808273413,my 7yo is being tested for adhd and struggles in school sometimes so his teacher bought him a fidget spinner for class ğŸ¥º,0,1,0.13407324,0.86592674
1084086161667252225,"@attachedmrsL the first reply on the tweet though ğŸ¤£ yes, I rather my kid have autism and be alive to see another day than catch polio. quality of living is MUCH better.",0,0,0.93261915,0.067380875
1404612356819374080,"There's a mom who recorded her autistic son &amp; asked him what's his number one wish &amp; he said he wants to die bc life is pointless, &amp; that he loves god so much he just wants to be with him. &amp; his mom asked him a question &amp; he said ""u don't get it, I don't like living on earth"" ğŸ¥º",0,0,0.81973636,0.1802637
1458807608052174856,@itsadollthxng Lmfao girl !!! Iâ€™m upset fr cause jacelyn has asthma and idk if itâ€™s a li slight cold or her asthma ğŸ˜‚ and juju got a little cough too now Iâ€™m sced,1,0,0.93460816,0.06539186
1299153969009184768,@aaronraidersfan @DeusYeet64 @Struggforreal @firstcitizensam @Cernovich I have a child that faces more adversity than the others. It isn't bc he has dark skin. It is bc he is mildly autistic. That kid struggles.,1,0,0.85500926,0.1449907
